,experiment,cloud,env,env_type,nodes,application,problem_size,metric,value,gpu_count
0,corona/cpu/on-premises,corona,cpu,on-premises,8,lammps,16x16x16,duration,54.0,0
1,corona/cpu/on-premises,corona,cpu,on-premises,8,lammps,16x16x16,cpu_utilization,99.2,0
2,corona/cpu/on-premises,corona,cpu,on-premises,8,lammps,16x16x16,duration,54.0,0
3,corona/cpu/on-premises,corona,cpu,on-premises,8,lammps,16x16x16,cpu_utilization,99.2,0
4,corona/cpu/on-premises,corona,cpu,on-premises,8,lammps,16x16x16,duration,54.0,0
5,corona/cpu/on-premises,corona,cpu,on-premises,8,lammps,16x16x16,cpu_utilization,99.3,0
6,corona/cpu/on-premises,corona,cpu,on-premises,8,lammps,16x16x16,duration,54.0,0
7,corona/cpu/on-premises,corona,cpu,on-premises,8,lammps,16x16x16,cpu_utilization,99.3,0
8,corona/cpu/on-premises,corona,cpu,on-premises,8,lammps,16x16x16,duration,54.0,0
9,corona/cpu/on-premises,corona,cpu,on-premises,8,lammps,16x16x16,cpu_utilization,99.2,0
10,corona/cpu/on-premises,corona,cpu,on-premises,8,lammps,16x16x16,duration,54.0,0
11,corona/cpu/on-premises,corona,cpu,on-premises,8,lammps,16x16x16,cpu_utilization,99.2,0
12,corona/cpu/on-premises,corona,cpu,on-premises,8,lammps,16x16x16,duration,54.0,0
13,corona/cpu/on-premises,corona,cpu,on-premises,8,lammps,16x16x16,cpu_utilization,99.3,0
14,corona/cpu/on-premises,corona,cpu,on-premises,8,lammps,16x16x16,duration,54.0,0
15,corona/cpu/on-premises,corona,cpu,on-premises,8,lammps,16x16x16,cpu_utilization,99.2,0
16,corona/cpu/on-premises,corona,cpu,on-premises,8,lammps,16x16x16,duration,54.0,0
17,corona/cpu/on-premises,corona,cpu,on-premises,8,lammps,16x16x16,cpu_utilization,99.3,0
18,corona/cpu/on-premises,corona,cpu,on-premises,8,lammps,16x16x16,duration,54.0,0
19,corona/cpu/on-premises,corona,cpu,on-premises,8,lammps,16x16x16,cpu_utilization,99.2,0
20,corona/cpu/on-premises,corona,cpu,on-premises,32,lammps,16x16x16,duration,42.0,0
21,corona/cpu/on-premises,corona,cpu,on-premises,32,lammps,16x16x16,cpu_utilization,99.5,0
22,corona/cpu/on-premises,corona,cpu,on-premises,32,lammps,16x16x16,duration,42.0,0
23,corona/cpu/on-premises,corona,cpu,on-premises,32,lammps,16x16x16,cpu_utilization,99.5,0
24,corona/cpu/on-premises,corona,cpu,on-premises,32,lammps,16x16x16,duration,42.0,0
25,corona/cpu/on-premises,corona,cpu,on-premises,32,lammps,16x16x16,cpu_utilization,99.5,0
26,corona/cpu/on-premises,corona,cpu,on-premises,32,lammps,16x16x16,duration,42.0,0
27,corona/cpu/on-premises,corona,cpu,on-premises,32,lammps,16x16x16,cpu_utilization,99.5,0
28,corona/cpu/on-premises,corona,cpu,on-premises,32,lammps,16x16x16,duration,42.0,0
29,corona/cpu/on-premises,corona,cpu,on-premises,32,lammps,16x16x16,cpu_utilization,99.5,0
30,corona/cpu/on-premises,corona,cpu,on-premises,32,lammps,16x16x16,duration,42.0,0
31,corona/cpu/on-premises,corona,cpu,on-premises,32,lammps,16x16x16,cpu_utilization,99.5,0
32,corona/cpu/on-premises,corona,cpu,on-premises,32,lammps,16x16x16,duration,42.0,0
33,corona/cpu/on-premises,corona,cpu,on-premises,32,lammps,16x16x16,cpu_utilization,99.5,0
34,corona/cpu/on-premises,corona,cpu,on-premises,32,lammps,16x16x16,duration,42.0,0
35,corona/cpu/on-premises,corona,cpu,on-premises,32,lammps,16x16x16,cpu_utilization,99.5,0
36,corona/cpu/on-premises,corona,cpu,on-premises,32,lammps,16x16x16,duration,42.0,0
37,corona/cpu/on-premises,corona,cpu,on-premises,32,lammps,16x16x16,cpu_utilization,99.5,0
38,corona/cpu/on-premises,corona,cpu,on-premises,32,lammps,16x16x16,duration,42.0,0
39,corona/cpu/on-premises,corona,cpu,on-premises,32,lammps,16x16x16,cpu_utilization,99.5,0
40,corona/cpu/on-premises,corona,cpu,on-premises,4,lammps,16x16x16,duration,97.0,0
41,corona/cpu/on-premises,corona,cpu,on-premises,4,lammps,16x16x16,cpu_utilization,99.2,0
42,corona/cpu/on-premises,corona,cpu,on-premises,4,lammps,16x16x16,duration,97.0,0
43,corona/cpu/on-premises,corona,cpu,on-premises,4,lammps,16x16x16,cpu_utilization,99.2,0
44,corona/cpu/on-premises,corona,cpu,on-premises,4,lammps,16x16x16,duration,97.0,0
45,corona/cpu/on-premises,corona,cpu,on-premises,4,lammps,16x16x16,cpu_utilization,99.2,0
46,corona/cpu/on-premises,corona,cpu,on-premises,4,lammps,16x16x16,duration,97.0,0
47,corona/cpu/on-premises,corona,cpu,on-premises,4,lammps,16x16x16,cpu_utilization,99.2,0
48,corona/cpu/on-premises,corona,cpu,on-premises,4,lammps,16x16x16,duration,97.0,0
49,corona/cpu/on-premises,corona,cpu,on-premises,4,lammps,16x16x16,cpu_utilization,99.2,0
50,corona/cpu/on-premises,corona,cpu,on-premises,4,lammps,16x16x16,duration,97.0,0
51,corona/cpu/on-premises,corona,cpu,on-premises,4,lammps,16x16x16,cpu_utilization,99.2,0
52,corona/cpu/on-premises,corona,cpu,on-premises,4,lammps,16x16x16,duration,97.0,0
53,corona/cpu/on-premises,corona,cpu,on-premises,4,lammps,16x16x16,cpu_utilization,99.2,0
54,corona/cpu/on-premises,corona,cpu,on-premises,4,lammps,16x16x16,duration,97.0,0
55,corona/cpu/on-premises,corona,cpu,on-premises,4,lammps,16x16x16,cpu_utilization,99.2,0
56,corona/cpu/on-premises,corona,cpu,on-premises,4,lammps,16x16x16,duration,97.0,0
57,corona/cpu/on-premises,corona,cpu,on-premises,4,lammps,16x16x16,cpu_utilization,99.2,0
58,corona/cpu/on-premises,corona,cpu,on-premises,4,lammps,16x16x16,duration,97.0,0
59,corona/cpu/on-premises,corona,cpu,on-premises,4,lammps,16x16x16,cpu_utilization,99.2,0
60,corona/cpu/on-premises,corona,cpu,on-premises,16,lammps,16x16x16,duration,30.0,0
61,corona/cpu/on-premises,corona,cpu,on-premises,16,lammps,16x16x16,cpu_utilization,99.2,0
62,corona/cpu/on-premises,corona,cpu,on-premises,16,lammps,16x16x16,duration,30.0,0
63,corona/cpu/on-premises,corona,cpu,on-premises,16,lammps,16x16x16,cpu_utilization,99.2,0
64,corona/cpu/on-premises,corona,cpu,on-premises,16,lammps,16x16x16,duration,30.0,0
65,corona/cpu/on-premises,corona,cpu,on-premises,16,lammps,16x16x16,cpu_utilization,99.2,0
66,corona/cpu/on-premises,corona,cpu,on-premises,16,lammps,16x16x16,duration,30.0,0
67,corona/cpu/on-premises,corona,cpu,on-premises,16,lammps,16x16x16,cpu_utilization,99.2,0
68,corona/cpu/on-premises,corona,cpu,on-premises,16,lammps,16x16x16,duration,30.0,0
69,corona/cpu/on-premises,corona,cpu,on-premises,16,lammps,16x16x16,cpu_utilization,99.2,0
70,corona/cpu/on-premises,corona,cpu,on-premises,16,lammps,16x16x16,duration,30.0,0
71,corona/cpu/on-premises,corona,cpu,on-premises,16,lammps,16x16x16,cpu_utilization,99.2,0
72,corona/cpu/on-premises,corona,cpu,on-premises,16,lammps,16x16x16,duration,30.0,0
73,corona/cpu/on-premises,corona,cpu,on-premises,16,lammps,16x16x16,cpu_utilization,99.2,0
74,corona/cpu/on-premises,corona,cpu,on-premises,16,lammps,16x16x16,duration,30.0,0
75,corona/cpu/on-premises,corona,cpu,on-premises,16,lammps,16x16x16,cpu_utilization,99.2,0
76,corona/cpu/on-premises,corona,cpu,on-premises,16,lammps,16x16x16,duration,30.0,0
77,corona/cpu/on-premises,corona,cpu,on-premises,16,lammps,16x16x16,cpu_utilization,99.2,0
78,corona/cpu/on-premises,corona,cpu,on-premises,16,lammps,16x16x16,duration,30.0,0
79,corona/cpu/on-premises,corona,cpu,on-premises,16,lammps,16x16x16,cpu_utilization,99.2,0
80,corona/cpu/usernetes-toss,corona,cpu,usernetes-toss,8,lammps,16x16x16,duration,80.0,0
81,corona/cpu/usernetes-toss,corona,cpu,usernetes-toss,8,lammps,16x16x16,cpu_utilization,99.1,0
82,corona/cpu/usernetes-toss,corona,cpu,usernetes-toss,8,lammps,16x16x16,duration,80.0,0
83,corona/cpu/usernetes-toss,corona,cpu,usernetes-toss,8,lammps,16x16x16,cpu_utilization,99.1,0
84,corona/cpu/usernetes-toss,corona,cpu,usernetes-toss,8,lammps,16x16x16,duration,80.0,0
85,corona/cpu/usernetes-toss,corona,cpu,usernetes-toss,8,lammps,16x16x16,cpu_utilization,99.1,0
86,corona/cpu/usernetes-toss,corona,cpu,usernetes-toss,8,lammps,16x16x16,duration,80.0,0
87,corona/cpu/usernetes-toss,corona,cpu,usernetes-toss,8,lammps,16x16x16,cpu_utilization,99.1,0
88,corona/cpu/usernetes-toss,corona,cpu,usernetes-toss,8,lammps,16x16x16,duration,80.0,0
89,corona/cpu/usernetes-toss,corona,cpu,usernetes-toss,8,lammps,16x16x16,cpu_utilization,99.1,0
90,corona/cpu/usernetes-toss,corona,cpu,usernetes-toss,8,lammps,16x16x16,duration,80.0,0
91,corona/cpu/usernetes-toss,corona,cpu,usernetes-toss,8,lammps,16x16x16,cpu_utilization,99.1,0
92,corona/cpu/usernetes-toss,corona,cpu,usernetes-toss,8,lammps,16x16x16,duration,80.0,0
93,corona/cpu/usernetes-toss,corona,cpu,usernetes-toss,8,lammps,16x16x16,cpu_utilization,99.1,0
94,corona/cpu/usernetes-toss,corona,cpu,usernetes-toss,8,lammps,16x16x16,duration,80.0,0
95,corona/cpu/usernetes-toss,corona,cpu,usernetes-toss,8,lammps,16x16x16,cpu_utilization,99.1,0
96,corona/cpu/usernetes-toss,corona,cpu,usernetes-toss,8,lammps,16x16x16,duration,80.0,0
97,corona/cpu/usernetes-toss,corona,cpu,usernetes-toss,8,lammps,16x16x16,cpu_utilization,99.1,0
98,corona/cpu/usernetes-toss,corona,cpu,usernetes-toss,8,lammps,16x16x16,duration,80.0,0
99,corona/cpu/usernetes-toss,corona,cpu,usernetes-toss,8,lammps,16x16x16,cpu_utilization,99.1,0
100,corona/cpu/usernetes-toss,corona,cpu,usernetes-toss,32,lammps,16x16x16,duration,65.0,0
101,corona/cpu/usernetes-toss,corona,cpu,usernetes-toss,32,lammps,16x16x16,cpu_utilization,99.2,0
102,corona/cpu/usernetes-toss,corona,cpu,usernetes-toss,32,lammps,16x16x16,duration,65.0,0
103,corona/cpu/usernetes-toss,corona,cpu,usernetes-toss,32,lammps,16x16x16,cpu_utilization,99.2,0
104,corona/cpu/usernetes-toss,corona,cpu,usernetes-toss,32,lammps,16x16x16,duration,65.0,0
105,corona/cpu/usernetes-toss,corona,cpu,usernetes-toss,32,lammps,16x16x16,cpu_utilization,99.2,0
106,corona/cpu/usernetes-toss,corona,cpu,usernetes-toss,32,lammps,16x16x16,duration,65.0,0
107,corona/cpu/usernetes-toss,corona,cpu,usernetes-toss,32,lammps,16x16x16,cpu_utilization,99.2,0
108,corona/cpu/usernetes-toss,corona,cpu,usernetes-toss,32,lammps,16x16x16,duration,65.0,0
109,corona/cpu/usernetes-toss,corona,cpu,usernetes-toss,32,lammps,16x16x16,cpu_utilization,99.2,0
110,corona/cpu/usernetes-toss,corona,cpu,usernetes-toss,32,lammps,16x16x16,duration,65.0,0
111,corona/cpu/usernetes-toss,corona,cpu,usernetes-toss,32,lammps,16x16x16,cpu_utilization,99.2,0
112,corona/cpu/usernetes-toss,corona,cpu,usernetes-toss,32,lammps,16x16x16,duration,65.0,0
113,corona/cpu/usernetes-toss,corona,cpu,usernetes-toss,32,lammps,16x16x16,cpu_utilization,99.2,0
114,corona/cpu/usernetes-toss,corona,cpu,usernetes-toss,32,lammps,16x16x16,duration,65.0,0
115,corona/cpu/usernetes-toss,corona,cpu,usernetes-toss,32,lammps,16x16x16,cpu_utilization,99.2,0
116,corona/cpu/usernetes-toss,corona,cpu,usernetes-toss,32,lammps,16x16x16,duration,65.0,0
117,corona/cpu/usernetes-toss,corona,cpu,usernetes-toss,32,lammps,16x16x16,cpu_utilization,99.2,0
118,corona/cpu/usernetes-toss,corona,cpu,usernetes-toss,32,lammps,16x16x16,duration,65.0,0
119,corona/cpu/usernetes-toss,corona,cpu,usernetes-toss,32,lammps,16x16x16,cpu_utilization,99.2,0
120,corona/cpu/usernetes-toss,corona,cpu,usernetes-toss,4,lammps,16x16x16,duration,142.0,0
121,corona/cpu/usernetes-toss,corona,cpu,usernetes-toss,4,lammps,16x16x16,cpu_utilization,99.1,0
122,corona/cpu/usernetes-toss,corona,cpu,usernetes-toss,4,lammps,16x16x16,duration,142.0,0
123,corona/cpu/usernetes-toss,corona,cpu,usernetes-toss,4,lammps,16x16x16,cpu_utilization,99.1,0
124,corona/cpu/usernetes-toss,corona,cpu,usernetes-toss,4,lammps,16x16x16,duration,142.0,0
125,corona/cpu/usernetes-toss,corona,cpu,usernetes-toss,4,lammps,16x16x16,cpu_utilization,99.1,0
126,corona/cpu/usernetes-toss,corona,cpu,usernetes-toss,4,lammps,16x16x16,duration,142.0,0
127,corona/cpu/usernetes-toss,corona,cpu,usernetes-toss,4,lammps,16x16x16,cpu_utilization,99.1,0
128,corona/cpu/usernetes-toss,corona,cpu,usernetes-toss,4,lammps,16x16x16,duration,142.0,0
129,corona/cpu/usernetes-toss,corona,cpu,usernetes-toss,4,lammps,16x16x16,cpu_utilization,99.1,0
130,corona/cpu/usernetes-toss,corona,cpu,usernetes-toss,4,lammps,16x16x16,duration,142.0,0
131,corona/cpu/usernetes-toss,corona,cpu,usernetes-toss,4,lammps,16x16x16,cpu_utilization,99.1,0
132,corona/cpu/usernetes-toss,corona,cpu,usernetes-toss,4,lammps,16x16x16,duration,142.0,0
133,corona/cpu/usernetes-toss,corona,cpu,usernetes-toss,4,lammps,16x16x16,cpu_utilization,99.1,0
134,corona/cpu/usernetes-toss,corona,cpu,usernetes-toss,4,lammps,16x16x16,duration,142.0,0
135,corona/cpu/usernetes-toss,corona,cpu,usernetes-toss,4,lammps,16x16x16,cpu_utilization,99.1,0
136,corona/cpu/usernetes-toss,corona,cpu,usernetes-toss,4,lammps,16x16x16,duration,142.0,0
137,corona/cpu/usernetes-toss,corona,cpu,usernetes-toss,4,lammps,16x16x16,cpu_utilization,99.1,0
138,corona/cpu/usernetes-toss,corona,cpu,usernetes-toss,4,lammps,16x16x16,duration,142.0,0
139,corona/cpu/usernetes-toss,corona,cpu,usernetes-toss,4,lammps,16x16x16,cpu_utilization,99.1,0
140,corona/cpu/usernetes-toss,corona,cpu,usernetes-toss,16,lammps,16x16x16,duration,117.0,0
141,corona/cpu/usernetes-toss,corona,cpu,usernetes-toss,16,lammps,16x16x16,cpu_utilization,99.2,0
142,corona/cpu/usernetes-toss,corona,cpu,usernetes-toss,16,lammps,16x16x16,duration,120.0,0
143,corona/cpu/usernetes-toss,corona,cpu,usernetes-toss,16,lammps,16x16x16,cpu_utilization,99.2,0
144,corona/cpu/usernetes-toss,corona,cpu,usernetes-toss,16,lammps,16x16x16,duration,117.0,0
145,corona/cpu/usernetes-toss,corona,cpu,usernetes-toss,16,lammps,16x16x16,cpu_utilization,99.2,0
146,corona/cpu/usernetes-toss,corona,cpu,usernetes-toss,16,lammps,16x16x16,duration,117.0,0
147,corona/cpu/usernetes-toss,corona,cpu,usernetes-toss,16,lammps,16x16x16,cpu_utilization,99.2,0
148,corona/cpu/usernetes-toss,corona,cpu,usernetes-toss,16,lammps,16x16x16,duration,117.0,0
149,corona/cpu/usernetes-toss,corona,cpu,usernetes-toss,16,lammps,16x16x16,cpu_utilization,99.2,0
150,corona/cpu/usernetes-toss,corona,cpu,usernetes-toss,16,lammps,16x16x16,duration,118.0,0
151,corona/cpu/usernetes-toss,corona,cpu,usernetes-toss,16,lammps,16x16x16,cpu_utilization,99.2,0
152,corona/cpu/usernetes-toss,corona,cpu,usernetes-toss,16,lammps,16x16x16,duration,118.0,0
153,corona/cpu/usernetes-toss,corona,cpu,usernetes-toss,16,lammps,16x16x16,cpu_utilization,99.2,0
154,corona/cpu/usernetes-toss,corona,cpu,usernetes-toss,16,lammps,16x16x16,duration,118.0,0
155,corona/cpu/usernetes-toss,corona,cpu,usernetes-toss,16,lammps,16x16x16,cpu_utilization,99.2,0
156,corona/cpu/usernetes-toss,corona,cpu,usernetes-toss,16,lammps,16x16x16,duration,118.0,0
157,corona/cpu/usernetes-toss,corona,cpu,usernetes-toss,16,lammps,16x16x16,cpu_utilization,99.2,0
158,corona/cpu/usernetes-toss,corona,cpu,usernetes-toss,16,lammps,16x16x16,duration,118.0,0
159,corona/cpu/usernetes-toss,corona,cpu,usernetes-toss,16,lammps,16x16x16,cpu_utilization,99.2,0
160,corona/cpu/usernetes,corona,cpu,usernetes,8,lammps,16x16x16,duration,43.0,0
161,corona/cpu/usernetes,corona,cpu,usernetes,8,lammps,16x16x16,cpu_utilization,98.9,0
162,corona/cpu/usernetes,corona,cpu,usernetes,8,lammps,16x16x16,duration,44.0,0
163,corona/cpu/usernetes,corona,cpu,usernetes,8,lammps,16x16x16,cpu_utilization,98.9,0
164,corona/cpu/usernetes,corona,cpu,usernetes,8,lammps,16x16x16,duration,45.0,0
165,corona/cpu/usernetes,corona,cpu,usernetes,8,lammps,16x16x16,cpu_utilization,98.9,0
166,corona/cpu/usernetes,corona,cpu,usernetes,8,lammps,16x16x16,duration,44.0,0
167,corona/cpu/usernetes,corona,cpu,usernetes,8,lammps,16x16x16,cpu_utilization,98.9,0
168,corona/cpu/usernetes,corona,cpu,usernetes,8,lammps,16x16x16,duration,44.0,0
169,corona/cpu/usernetes,corona,cpu,usernetes,8,lammps,16x16x16,cpu_utilization,98.9,0
170,corona/cpu/usernetes,corona,cpu,usernetes,8,lammps,16x16x16,duration,44.0,0
171,corona/cpu/usernetes,corona,cpu,usernetes,8,lammps,16x16x16,cpu_utilization,98.9,0
172,corona/cpu/usernetes,corona,cpu,usernetes,8,lammps,16x16x16,duration,43.0,0
173,corona/cpu/usernetes,corona,cpu,usernetes,8,lammps,16x16x16,cpu_utilization,98.9,0
174,corona/cpu/usernetes,corona,cpu,usernetes,8,lammps,16x16x16,duration,44.0,0
175,corona/cpu/usernetes,corona,cpu,usernetes,8,lammps,16x16x16,cpu_utilization,99.0,0
176,corona/cpu/usernetes,corona,cpu,usernetes,8,lammps,16x16x16,duration,44.0,0
177,corona/cpu/usernetes,corona,cpu,usernetes,8,lammps,16x16x16,cpu_utilization,98.9,0
178,corona/cpu/usernetes,corona,cpu,usernetes,8,lammps,16x16x16,duration,44.0,0
179,corona/cpu/usernetes,corona,cpu,usernetes,8,lammps,16x16x16,cpu_utilization,98.9,0
180,corona/cpu/usernetes,corona,cpu,usernetes,32,lammps,16x16x16,duration,49.0,0
181,corona/cpu/usernetes,corona,cpu,usernetes,32,lammps,16x16x16,cpu_utilization,99.1,0
182,corona/cpu/usernetes,corona,cpu,usernetes,32,lammps,16x16x16,duration,50.0,0
183,corona/cpu/usernetes,corona,cpu,usernetes,32,lammps,16x16x16,cpu_utilization,99.1,0
184,corona/cpu/usernetes,corona,cpu,usernetes,32,lammps,16x16x16,duration,49.0,0
185,corona/cpu/usernetes,corona,cpu,usernetes,32,lammps,16x16x16,cpu_utilization,99.1,0
186,corona/cpu/usernetes,corona,cpu,usernetes,32,lammps,16x16x16,duration,49.0,0
187,corona/cpu/usernetes,corona,cpu,usernetes,32,lammps,16x16x16,cpu_utilization,99.1,0
188,corona/cpu/usernetes,corona,cpu,usernetes,32,lammps,16x16x16,duration,50.0,0
189,corona/cpu/usernetes,corona,cpu,usernetes,32,lammps,16x16x16,cpu_utilization,99.1,0
190,corona/cpu/usernetes,corona,cpu,usernetes,32,lammps,16x16x16,duration,50.0,0
191,corona/cpu/usernetes,corona,cpu,usernetes,32,lammps,16x16x16,cpu_utilization,99.1,0
192,corona/cpu/usernetes,corona,cpu,usernetes,32,lammps,16x16x16,duration,50.0,0
193,corona/cpu/usernetes,corona,cpu,usernetes,32,lammps,16x16x16,cpu_utilization,99.1,0
194,corona/cpu/usernetes,corona,cpu,usernetes,32,lammps,16x16x16,duration,50.0,0
195,corona/cpu/usernetes,corona,cpu,usernetes,32,lammps,16x16x16,cpu_utilization,99.1,0
196,corona/cpu/usernetes,corona,cpu,usernetes,32,lammps,16x16x16,duration,49.0,0
197,corona/cpu/usernetes,corona,cpu,usernetes,32,lammps,16x16x16,cpu_utilization,99.1,0
198,corona/cpu/usernetes,corona,cpu,usernetes,32,lammps,16x16x16,duration,50.0,0
199,corona/cpu/usernetes,corona,cpu,usernetes,32,lammps,16x16x16,cpu_utilization,99.1,0
200,corona/cpu/usernetes,corona,cpu,usernetes,4,lammps,16x16x16,duration,72.0,0
201,corona/cpu/usernetes,corona,cpu,usernetes,4,lammps,16x16x16,cpu_utilization,98.9,0
202,corona/cpu/usernetes,corona,cpu,usernetes,4,lammps,16x16x16,duration,72.0,0
203,corona/cpu/usernetes,corona,cpu,usernetes,4,lammps,16x16x16,cpu_utilization,98.9,0
204,corona/cpu/usernetes,corona,cpu,usernetes,4,lammps,16x16x16,duration,71.0,0
205,corona/cpu/usernetes,corona,cpu,usernetes,4,lammps,16x16x16,cpu_utilization,98.9,0
206,corona/cpu/usernetes,corona,cpu,usernetes,4,lammps,16x16x16,duration,72.0,0
207,corona/cpu/usernetes,corona,cpu,usernetes,4,lammps,16x16x16,cpu_utilization,98.9,0
208,corona/cpu/usernetes,corona,cpu,usernetes,4,lammps,16x16x16,duration,74.0,0
209,corona/cpu/usernetes,corona,cpu,usernetes,4,lammps,16x16x16,cpu_utilization,98.9,0
210,corona/cpu/usernetes,corona,cpu,usernetes,4,lammps,16x16x16,duration,72.0,0
211,corona/cpu/usernetes,corona,cpu,usernetes,4,lammps,16x16x16,cpu_utilization,98.9,0
212,corona/cpu/usernetes,corona,cpu,usernetes,4,lammps,16x16x16,duration,72.0,0
213,corona/cpu/usernetes,corona,cpu,usernetes,4,lammps,16x16x16,cpu_utilization,98.9,0
214,corona/cpu/usernetes,corona,cpu,usernetes,4,lammps,16x16x16,duration,72.0,0
215,corona/cpu/usernetes,corona,cpu,usernetes,4,lammps,16x16x16,cpu_utilization,98.9,0
216,corona/cpu/usernetes,corona,cpu,usernetes,4,lammps,16x16x16,duration,72.0,0
217,corona/cpu/usernetes,corona,cpu,usernetes,4,lammps,16x16x16,cpu_utilization,98.9,0
218,corona/cpu/usernetes,corona,cpu,usernetes,4,lammps,16x16x16,duration,72.0,0
219,corona/cpu/usernetes,corona,cpu,usernetes,4,lammps,16x16x16,cpu_utilization,98.9,0
220,corona/cpu/usernetes,corona,cpu,usernetes,16,lammps,16x16x16,duration,30.0,0
221,corona/cpu/usernetes,corona,cpu,usernetes,16,lammps,16x16x16,cpu_utilization,99.0,0
222,corona/cpu/usernetes,corona,cpu,usernetes,16,lammps,16x16x16,duration,31.0,0
223,corona/cpu/usernetes,corona,cpu,usernetes,16,lammps,16x16x16,cpu_utilization,99.0,0
224,corona/cpu/usernetes,corona,cpu,usernetes,16,lammps,16x16x16,duration,30.0,0
225,corona/cpu/usernetes,corona,cpu,usernetes,16,lammps,16x16x16,cpu_utilization,99.0,0
226,corona/cpu/usernetes,corona,cpu,usernetes,16,lammps,16x16x16,duration,30.0,0
227,corona/cpu/usernetes,corona,cpu,usernetes,16,lammps,16x16x16,cpu_utilization,99.0,0
228,corona/cpu/usernetes,corona,cpu,usernetes,16,lammps,16x16x16,duration,30.0,0
229,corona/cpu/usernetes,corona,cpu,usernetes,16,lammps,16x16x16,cpu_utilization,99.0,0
230,corona/cpu/usernetes,corona,cpu,usernetes,16,lammps,16x16x16,duration,30.0,0
231,corona/cpu/usernetes,corona,cpu,usernetes,16,lammps,16x16x16,cpu_utilization,99.0,0
232,corona/cpu/usernetes,corona,cpu,usernetes,16,lammps,16x16x16,duration,30.0,0
233,corona/cpu/usernetes,corona,cpu,usernetes,16,lammps,16x16x16,cpu_utilization,99.0,0
234,corona/cpu/usernetes,corona,cpu,usernetes,16,lammps,16x16x16,duration,31.0,0
235,corona/cpu/usernetes,corona,cpu,usernetes,16,lammps,16x16x16,cpu_utilization,99.0,0
236,corona/cpu/usernetes,corona,cpu,usernetes,16,lammps,16x16x16,duration,30.0,0
237,corona/cpu/usernetes,corona,cpu,usernetes,16,lammps,16x16x16,cpu_utilization,99.0,0
238,corona/cpu/usernetes,corona,cpu,usernetes,16,lammps,16x16x16,duration,29.0,0
239,corona/cpu/usernetes,corona,cpu,usernetes,16,lammps,16x16x16,cpu_utilization,99.0,0
240,corona/cpu/on-premises-usernetes-pods,corona,cpu,on-premises-usernetes-pods,8,lammps,16x16x16,duration,54.0,0
241,corona/cpu/on-premises-usernetes-pods,corona,cpu,on-premises-usernetes-pods,8,lammps,16x16x16,cpu_utilization,99.2,0
242,corona/cpu/on-premises-usernetes-pods,corona,cpu,on-premises-usernetes-pods,8,lammps,16x16x16,duration,54.0,0
243,corona/cpu/on-premises-usernetes-pods,corona,cpu,on-premises-usernetes-pods,8,lammps,16x16x16,cpu_utilization,99.3,0
244,corona/cpu/on-premises-usernetes-pods,corona,cpu,on-premises-usernetes-pods,8,lammps,16x16x16,duration,54.0,0
245,corona/cpu/on-premises-usernetes-pods,corona,cpu,on-premises-usernetes-pods,8,lammps,16x16x16,cpu_utilization,99.3,0
246,corona/cpu/on-premises-usernetes-pods,corona,cpu,on-premises-usernetes-pods,8,lammps,16x16x16,duration,54.0,0
247,corona/cpu/on-premises-usernetes-pods,corona,cpu,on-premises-usernetes-pods,8,lammps,16x16x16,cpu_utilization,99.2,0
248,corona/cpu/on-premises-usernetes-pods,corona,cpu,on-premises-usernetes-pods,8,lammps,16x16x16,duration,54.0,0
249,corona/cpu/on-premises-usernetes-pods,corona,cpu,on-premises-usernetes-pods,8,lammps,16x16x16,cpu_utilization,99.3,0
250,corona/cpu/on-premises-usernetes-pods,corona,cpu,on-premises-usernetes-pods,8,lammps,16x16x16,duration,54.0,0
251,corona/cpu/on-premises-usernetes-pods,corona,cpu,on-premises-usernetes-pods,8,lammps,16x16x16,cpu_utilization,99.2,0
252,corona/cpu/on-premises-usernetes-pods,corona,cpu,on-premises-usernetes-pods,8,lammps,16x16x16,duration,54.0,0
253,corona/cpu/on-premises-usernetes-pods,corona,cpu,on-premises-usernetes-pods,8,lammps,16x16x16,cpu_utilization,99.3,0
254,corona/cpu/on-premises-usernetes-pods,corona,cpu,on-premises-usernetes-pods,8,lammps,16x16x16,duration,54.0,0
255,corona/cpu/on-premises-usernetes-pods,corona,cpu,on-premises-usernetes-pods,8,lammps,16x16x16,cpu_utilization,99.2,0
256,corona/cpu/on-premises-usernetes-pods,corona,cpu,on-premises-usernetes-pods,8,lammps,16x16x16,duration,54.0,0
257,corona/cpu/on-premises-usernetes-pods,corona,cpu,on-premises-usernetes-pods,8,lammps,16x16x16,cpu_utilization,99.2,0
258,corona/cpu/on-premises-usernetes-pods,corona,cpu,on-premises-usernetes-pods,8,lammps,16x16x16,duration,54.0,0
259,corona/cpu/on-premises-usernetes-pods,corona,cpu,on-premises-usernetes-pods,8,lammps,16x16x16,cpu_utilization,99.2,0
260,corona/cpu/on-premises-usernetes-pods,corona,cpu,on-premises-usernetes-pods,32,lammps,16x16x16,duration,17.0,0
261,corona/cpu/on-premises-usernetes-pods,corona,cpu,on-premises-usernetes-pods,32,lammps,16x16x16,cpu_utilization,99.4,0
262,corona/cpu/on-premises-usernetes-pods,corona,cpu,on-premises-usernetes-pods,32,lammps,16x16x16,duration,17.0,0
263,corona/cpu/on-premises-usernetes-pods,corona,cpu,on-premises-usernetes-pods,32,lammps,16x16x16,cpu_utilization,99.4,0
264,corona/cpu/on-premises-usernetes-pods,corona,cpu,on-premises-usernetes-pods,32,lammps,16x16x16,duration,17.0,0
265,corona/cpu/on-premises-usernetes-pods,corona,cpu,on-premises-usernetes-pods,32,lammps,16x16x16,cpu_utilization,99.4,0
266,corona/cpu/on-premises-usernetes-pods,corona,cpu,on-premises-usernetes-pods,32,lammps,16x16x16,duration,17.0,0
267,corona/cpu/on-premises-usernetes-pods,corona,cpu,on-premises-usernetes-pods,32,lammps,16x16x16,cpu_utilization,99.4,0
268,corona/cpu/on-premises-usernetes-pods,corona,cpu,on-premises-usernetes-pods,32,lammps,16x16x16,duration,17.0,0
269,corona/cpu/on-premises-usernetes-pods,corona,cpu,on-premises-usernetes-pods,32,lammps,16x16x16,cpu_utilization,99.4,0
270,corona/cpu/on-premises-usernetes-pods,corona,cpu,on-premises-usernetes-pods,32,lammps,16x16x16,duration,17.0,0
271,corona/cpu/on-premises-usernetes-pods,corona,cpu,on-premises-usernetes-pods,32,lammps,16x16x16,cpu_utilization,99.4,0
272,corona/cpu/on-premises-usernetes-pods,corona,cpu,on-premises-usernetes-pods,32,lammps,16x16x16,duration,17.0,0
273,corona/cpu/on-premises-usernetes-pods,corona,cpu,on-premises-usernetes-pods,32,lammps,16x16x16,cpu_utilization,99.4,0
274,corona/cpu/on-premises-usernetes-pods,corona,cpu,on-premises-usernetes-pods,32,lammps,16x16x16,duration,17.0,0
275,corona/cpu/on-premises-usernetes-pods,corona,cpu,on-premises-usernetes-pods,32,lammps,16x16x16,cpu_utilization,99.4,0
276,corona/cpu/on-premises-usernetes-pods,corona,cpu,on-premises-usernetes-pods,32,lammps,16x16x16,duration,17.0,0
277,corona/cpu/on-premises-usernetes-pods,corona,cpu,on-premises-usernetes-pods,32,lammps,16x16x16,cpu_utilization,99.4,0
278,corona/cpu/on-premises-usernetes-pods,corona,cpu,on-premises-usernetes-pods,32,lammps,16x16x16,duration,17.0,0
279,corona/cpu/on-premises-usernetes-pods,corona,cpu,on-premises-usernetes-pods,32,lammps,16x16x16,cpu_utilization,99.4,0
280,corona/cpu/on-premises-usernetes-pods,corona,cpu,on-premises-usernetes-pods,4,lammps,16x16x16,duration,97.0,0
281,corona/cpu/on-premises-usernetes-pods,corona,cpu,on-premises-usernetes-pods,4,lammps,16x16x16,cpu_utilization,99.2,0
282,corona/cpu/on-premises-usernetes-pods,corona,cpu,on-premises-usernetes-pods,4,lammps,16x16x16,duration,97.0,0
283,corona/cpu/on-premises-usernetes-pods,corona,cpu,on-premises-usernetes-pods,4,lammps,16x16x16,cpu_utilization,99.2,0
284,corona/cpu/on-premises-usernetes-pods,corona,cpu,on-premises-usernetes-pods,4,lammps,16x16x16,duration,97.0,0
285,corona/cpu/on-premises-usernetes-pods,corona,cpu,on-premises-usernetes-pods,4,lammps,16x16x16,cpu_utilization,99.2,0
286,corona/cpu/on-premises-usernetes-pods,corona,cpu,on-premises-usernetes-pods,4,lammps,16x16x16,duration,97.0,0
287,corona/cpu/on-premises-usernetes-pods,corona,cpu,on-premises-usernetes-pods,4,lammps,16x16x16,cpu_utilization,99.2,0
288,corona/cpu/on-premises-usernetes-pods,corona,cpu,on-premises-usernetes-pods,4,lammps,16x16x16,duration,97.0,0
289,corona/cpu/on-premises-usernetes-pods,corona,cpu,on-premises-usernetes-pods,4,lammps,16x16x16,cpu_utilization,99.2,0
290,corona/cpu/on-premises-usernetes-pods,corona,cpu,on-premises-usernetes-pods,4,lammps,16x16x16,duration,97.0,0
291,corona/cpu/on-premises-usernetes-pods,corona,cpu,on-premises-usernetes-pods,4,lammps,16x16x16,cpu_utilization,99.2,0
292,corona/cpu/on-premises-usernetes-pods,corona,cpu,on-premises-usernetes-pods,4,lammps,16x16x16,duration,97.0,0
293,corona/cpu/on-premises-usernetes-pods,corona,cpu,on-premises-usernetes-pods,4,lammps,16x16x16,cpu_utilization,99.2,0
294,corona/cpu/on-premises-usernetes-pods,corona,cpu,on-premises-usernetes-pods,4,lammps,16x16x16,duration,97.0,0
295,corona/cpu/on-premises-usernetes-pods,corona,cpu,on-premises-usernetes-pods,4,lammps,16x16x16,cpu_utilization,99.2,0
296,corona/cpu/on-premises-usernetes-pods,corona,cpu,on-premises-usernetes-pods,4,lammps,16x16x16,duration,97.0,0
297,corona/cpu/on-premises-usernetes-pods,corona,cpu,on-premises-usernetes-pods,4,lammps,16x16x16,cpu_utilization,99.2,0
298,corona/cpu/on-premises-usernetes-pods,corona,cpu,on-premises-usernetes-pods,4,lammps,16x16x16,duration,97.0,0
299,corona/cpu/on-premises-usernetes-pods,corona,cpu,on-premises-usernetes-pods,4,lammps,16x16x16,cpu_utilization,99.2,0
300,corona/cpu/on-premises-usernetes-pods,corona,cpu,on-premises-usernetes-pods,16,lammps,16x16x16,duration,75.0,0
301,corona/cpu/on-premises-usernetes-pods,corona,cpu,on-premises-usernetes-pods,16,lammps,16x16x16,cpu_utilization,99.4,0
302,corona/cpu/on-premises-usernetes-pods,corona,cpu,on-premises-usernetes-pods,16,lammps,16x16x16,duration,76.0,0
303,corona/cpu/on-premises-usernetes-pods,corona,cpu,on-premises-usernetes-pods,16,lammps,16x16x16,cpu_utilization,99.4,0
304,corona/cpu/on-premises-usernetes-pods,corona,cpu,on-premises-usernetes-pods,16,lammps,16x16x16,duration,75.0,0
305,corona/cpu/on-premises-usernetes-pods,corona,cpu,on-premises-usernetes-pods,16,lammps,16x16x16,cpu_utilization,99.4,0
306,corona/cpu/on-premises-usernetes-pods,corona,cpu,on-premises-usernetes-pods,16,lammps,16x16x16,duration,76.0,0
307,corona/cpu/on-premises-usernetes-pods,corona,cpu,on-premises-usernetes-pods,16,lammps,16x16x16,cpu_utilization,99.4,0
308,corona/cpu/on-premises-usernetes-pods,corona,cpu,on-premises-usernetes-pods,16,lammps,16x16x16,duration,75.0,0
309,corona/cpu/on-premises-usernetes-pods,corona,cpu,on-premises-usernetes-pods,16,lammps,16x16x16,cpu_utilization,99.4,0
310,corona/cpu/on-premises-usernetes-pods,corona,cpu,on-premises-usernetes-pods,16,lammps,16x16x16,duration,75.0,0
311,corona/cpu/on-premises-usernetes-pods,corona,cpu,on-premises-usernetes-pods,16,lammps,16x16x16,cpu_utilization,99.4,0
312,corona/cpu/on-premises-usernetes-pods,corona,cpu,on-premises-usernetes-pods,16,lammps,16x16x16,duration,75.0,0
313,corona/cpu/on-premises-usernetes-pods,corona,cpu,on-premises-usernetes-pods,16,lammps,16x16x16,cpu_utilization,99.4,0
314,corona/cpu/on-premises-usernetes-pods,corona,cpu,on-premises-usernetes-pods,16,lammps,16x16x16,duration,76.0,0
315,corona/cpu/on-premises-usernetes-pods,corona,cpu,on-premises-usernetes-pods,16,lammps,16x16x16,cpu_utilization,99.4,0
316,corona/cpu/on-premises-usernetes-pods,corona,cpu,on-premises-usernetes-pods,16,lammps,16x16x16,duration,75.0,0
317,corona/cpu/on-premises-usernetes-pods,corona,cpu,on-premises-usernetes-pods,16,lammps,16x16x16,cpu_utilization,99.4,0
318,corona/cpu/on-premises-usernetes-pods,corona,cpu,on-premises-usernetes-pods,16,lammps,16x16x16,duration,76.0,0
319,corona/cpu/on-premises-usernetes-pods,corona,cpu,on-premises-usernetes-pods,16,lammps,16x16x16,cpu_utilization,99.4,0
320,corona/cpu/on-premises-usernetes,corona,cpu,on-premises-usernetes,8,lammps,16x16x16,duration,54.0,0
321,corona/cpu/on-premises-usernetes,corona,cpu,on-premises-usernetes,8,lammps,16x16x16,cpu_utilization,99.2,0
322,corona/cpu/on-premises-usernetes,corona,cpu,on-premises-usernetes,8,lammps,16x16x16,duration,54.0,0
323,corona/cpu/on-premises-usernetes,corona,cpu,on-premises-usernetes,8,lammps,16x16x16,cpu_utilization,99.2,0
324,corona/cpu/on-premises-usernetes,corona,cpu,on-premises-usernetes,8,lammps,16x16x16,duration,54.0,0
325,corona/cpu/on-premises-usernetes,corona,cpu,on-premises-usernetes,8,lammps,16x16x16,cpu_utilization,99.2,0
326,corona/cpu/on-premises-usernetes,corona,cpu,on-premises-usernetes,8,lammps,16x16x16,duration,54.0,0
327,corona/cpu/on-premises-usernetes,corona,cpu,on-premises-usernetes,8,lammps,16x16x16,cpu_utilization,99.2,0
328,corona/cpu/on-premises-usernetes,corona,cpu,on-premises-usernetes,8,lammps,16x16x16,duration,54.0,0
329,corona/cpu/on-premises-usernetes,corona,cpu,on-premises-usernetes,8,lammps,16x16x16,cpu_utilization,99.2,0
330,corona/cpu/on-premises-usernetes,corona,cpu,on-premises-usernetes,8,lammps,16x16x16,duration,54.0,0
331,corona/cpu/on-premises-usernetes,corona,cpu,on-premises-usernetes,8,lammps,16x16x16,cpu_utilization,99.2,0
332,corona/cpu/on-premises-usernetes,corona,cpu,on-premises-usernetes,8,lammps,16x16x16,duration,54.0,0
333,corona/cpu/on-premises-usernetes,corona,cpu,on-premises-usernetes,8,lammps,16x16x16,cpu_utilization,99.2,0
334,corona/cpu/on-premises-usernetes,corona,cpu,on-premises-usernetes,8,lammps,16x16x16,duration,54.0,0
335,corona/cpu/on-premises-usernetes,corona,cpu,on-premises-usernetes,8,lammps,16x16x16,cpu_utilization,99.3,0
336,corona/cpu/on-premises-usernetes,corona,cpu,on-premises-usernetes,8,lammps,16x16x16,duration,54.0,0
337,corona/cpu/on-premises-usernetes,corona,cpu,on-premises-usernetes,8,lammps,16x16x16,cpu_utilization,99.3,0
338,corona/cpu/on-premises-usernetes,corona,cpu,on-premises-usernetes,8,lammps,16x16x16,duration,54.0,0
339,corona/cpu/on-premises-usernetes,corona,cpu,on-premises-usernetes,8,lammps,16x16x16,cpu_utilization,99.3,0
340,corona/cpu/on-premises-usernetes,corona,cpu,on-premises-usernetes,32,lammps,16x16x16,duration,17.0,0
341,corona/cpu/on-premises-usernetes,corona,cpu,on-premises-usernetes,32,lammps,16x16x16,cpu_utilization,99.4,0
342,corona/cpu/on-premises-usernetes,corona,cpu,on-premises-usernetes,32,lammps,16x16x16,duration,17.0,0
343,corona/cpu/on-premises-usernetes,corona,cpu,on-premises-usernetes,32,lammps,16x16x16,cpu_utilization,99.4,0
344,corona/cpu/on-premises-usernetes,corona,cpu,on-premises-usernetes,32,lammps,16x16x16,duration,17.0,0
345,corona/cpu/on-premises-usernetes,corona,cpu,on-premises-usernetes,32,lammps,16x16x16,cpu_utilization,99.4,0
346,corona/cpu/on-premises-usernetes,corona,cpu,on-premises-usernetes,32,lammps,16x16x16,duration,17.0,0
347,corona/cpu/on-premises-usernetes,corona,cpu,on-premises-usernetes,32,lammps,16x16x16,cpu_utilization,99.4,0
348,corona/cpu/on-premises-usernetes,corona,cpu,on-premises-usernetes,32,lammps,16x16x16,duration,17.0,0
349,corona/cpu/on-premises-usernetes,corona,cpu,on-premises-usernetes,32,lammps,16x16x16,cpu_utilization,99.4,0
350,corona/cpu/on-premises-usernetes,corona,cpu,on-premises-usernetes,32,lammps,16x16x16,duration,17.0,0
351,corona/cpu/on-premises-usernetes,corona,cpu,on-premises-usernetes,32,lammps,16x16x16,cpu_utilization,99.4,0
352,corona/cpu/on-premises-usernetes,corona,cpu,on-premises-usernetes,32,lammps,16x16x16,duration,17.0,0
353,corona/cpu/on-premises-usernetes,corona,cpu,on-premises-usernetes,32,lammps,16x16x16,cpu_utilization,99.4,0
354,corona/cpu/on-premises-usernetes,corona,cpu,on-premises-usernetes,32,lammps,16x16x16,duration,17.0,0
355,corona/cpu/on-premises-usernetes,corona,cpu,on-premises-usernetes,32,lammps,16x16x16,cpu_utilization,99.4,0
356,corona/cpu/on-premises-usernetes,corona,cpu,on-premises-usernetes,32,lammps,16x16x16,duration,17.0,0
357,corona/cpu/on-premises-usernetes,corona,cpu,on-premises-usernetes,32,lammps,16x16x16,cpu_utilization,99.4,0
358,corona/cpu/on-premises-usernetes,corona,cpu,on-premises-usernetes,32,lammps,16x16x16,duration,17.0,0
359,corona/cpu/on-premises-usernetes,corona,cpu,on-premises-usernetes,32,lammps,16x16x16,cpu_utilization,99.4,0
360,corona/cpu/on-premises-usernetes,corona,cpu,on-premises-usernetes,4,lammps,16x16x16,duration,97.0,0
361,corona/cpu/on-premises-usernetes,corona,cpu,on-premises-usernetes,4,lammps,16x16x16,cpu_utilization,99.2,0
362,corona/cpu/on-premises-usernetes,corona,cpu,on-premises-usernetes,4,lammps,16x16x16,duration,97.0,0
363,corona/cpu/on-premises-usernetes,corona,cpu,on-premises-usernetes,4,lammps,16x16x16,cpu_utilization,99.2,0
364,corona/cpu/on-premises-usernetes,corona,cpu,on-premises-usernetes,4,lammps,16x16x16,duration,97.0,0
365,corona/cpu/on-premises-usernetes,corona,cpu,on-premises-usernetes,4,lammps,16x16x16,cpu_utilization,99.2,0
366,corona/cpu/on-premises-usernetes,corona,cpu,on-premises-usernetes,4,lammps,16x16x16,duration,97.0,0
367,corona/cpu/on-premises-usernetes,corona,cpu,on-premises-usernetes,4,lammps,16x16x16,cpu_utilization,99.2,0
368,corona/cpu/on-premises-usernetes,corona,cpu,on-premises-usernetes,4,lammps,16x16x16,duration,97.0,0
369,corona/cpu/on-premises-usernetes,corona,cpu,on-premises-usernetes,4,lammps,16x16x16,cpu_utilization,99.2,0
370,corona/cpu/on-premises-usernetes,corona,cpu,on-premises-usernetes,4,lammps,16x16x16,duration,97.0,0
371,corona/cpu/on-premises-usernetes,corona,cpu,on-premises-usernetes,4,lammps,16x16x16,cpu_utilization,99.2,0
372,corona/cpu/on-premises-usernetes,corona,cpu,on-premises-usernetes,4,lammps,16x16x16,duration,97.0,0
373,corona/cpu/on-premises-usernetes,corona,cpu,on-premises-usernetes,4,lammps,16x16x16,cpu_utilization,99.2,0
374,corona/cpu/on-premises-usernetes,corona,cpu,on-premises-usernetes,4,lammps,16x16x16,duration,97.0,0
375,corona/cpu/on-premises-usernetes,corona,cpu,on-premises-usernetes,4,lammps,16x16x16,cpu_utilization,99.2,0
376,corona/cpu/on-premises-usernetes,corona,cpu,on-premises-usernetes,4,lammps,16x16x16,duration,97.0,0
377,corona/cpu/on-premises-usernetes,corona,cpu,on-premises-usernetes,4,lammps,16x16x16,cpu_utilization,99.2,0
378,corona/cpu/on-premises-usernetes,corona,cpu,on-premises-usernetes,4,lammps,16x16x16,duration,97.0,0
379,corona/cpu/on-premises-usernetes,corona,cpu,on-premises-usernetes,4,lammps,16x16x16,cpu_utilization,99.2,0
380,corona/cpu/on-premises-usernetes,corona,cpu,on-premises-usernetes,16,lammps,16x16x16,duration,76.0,0
381,corona/cpu/on-premises-usernetes,corona,cpu,on-premises-usernetes,16,lammps,16x16x16,cpu_utilization,99.4,0
382,corona/cpu/on-premises-usernetes,corona,cpu,on-premises-usernetes,16,lammps,16x16x16,duration,75.0,0
383,corona/cpu/on-premises-usernetes,corona,cpu,on-premises-usernetes,16,lammps,16x16x16,cpu_utilization,99.4,0
384,corona/cpu/on-premises-usernetes,corona,cpu,on-premises-usernetes,16,lammps,16x16x16,duration,75.0,0
385,corona/cpu/on-premises-usernetes,corona,cpu,on-premises-usernetes,16,lammps,16x16x16,cpu_utilization,99.4,0
386,corona/cpu/on-premises-usernetes,corona,cpu,on-premises-usernetes,16,lammps,16x16x16,duration,75.0,0
387,corona/cpu/on-premises-usernetes,corona,cpu,on-premises-usernetes,16,lammps,16x16x16,cpu_utilization,99.4,0
388,corona/cpu/on-premises-usernetes,corona,cpu,on-premises-usernetes,16,lammps,16x16x16,duration,75.0,0
389,corona/cpu/on-premises-usernetes,corona,cpu,on-premises-usernetes,16,lammps,16x16x16,cpu_utilization,99.4,0
390,corona/cpu/on-premises-usernetes,corona,cpu,on-premises-usernetes,16,lammps,16x16x16,duration,76.0,0
391,corona/cpu/on-premises-usernetes,corona,cpu,on-premises-usernetes,16,lammps,16x16x16,cpu_utilization,99.4,0
392,corona/cpu/on-premises-usernetes,corona,cpu,on-premises-usernetes,16,lammps,16x16x16,duration,75.0,0
393,corona/cpu/on-premises-usernetes,corona,cpu,on-premises-usernetes,16,lammps,16x16x16,cpu_utilization,99.4,0
394,corona/cpu/on-premises-usernetes,corona,cpu,on-premises-usernetes,16,lammps,16x16x16,duration,76.0,0
395,corona/cpu/on-premises-usernetes,corona,cpu,on-premises-usernetes,16,lammps,16x16x16,cpu_utilization,99.4,0
396,corona/cpu/on-premises-usernetes,corona,cpu,on-premises-usernetes,16,lammps,16x16x16,duration,75.0,0
397,corona/cpu/on-premises-usernetes,corona,cpu,on-premises-usernetes,16,lammps,16x16x16,cpu_utilization,99.4,0
398,corona/cpu/on-premises-usernetes,corona,cpu,on-premises-usernetes,16,lammps,16x16x16,duration,76.0,0
399,corona/cpu/on-premises-usernetes,corona,cpu,on-premises-usernetes,16,lammps,16x16x16,cpu_utilization,99.4,0
